{"cameraMode":{"drawMode":0,"name":"Shaded","section":"Shading Mode"},"sceneLighting":true,"audioPlay":false,"sceneViewState":{"showFog":true,"showMaterialUpdate":false,"showSkybox":true,"showFlares":true,"showImageEffects":true,"showParticleSystems":true},"in2DMode":false,"pivot":{"x":0.6463838815689087,"y":-14.460735321044922,"z":4.161537170410156},"rotation":{"x":-0.5735292434692383,"y":0.004432366229593754,"z":-0.00310228462330997,"w":-0.8191672563552856},"size":32.940765380859378,"orthographic":false}